Column1,Column2,Column3,Column4,Column5,ids_row
"16. помещение объект № 2 (вспомогательный),  г. благовещенск, пер. св.иннокентия, 17",260.0,2019.0,"Текущий ремонт зданий, сооружений",0.0,
"14.помещение объект № 2 (вспомогательный),  г. благовещенск, пер. св.иннокентия, 17 (04-07-01-00-00-003)",287.0,2020.0,"Текущий ремонт зданий, сооружений",0.0,04-07-01-00-00-003
"3.помещение объект № 2 (вспомогательный),  г. благовещенск, пер. св.иннокентия, 17 (04-07-01-00-00-003)",135.0,2022.0,"Текущий ремонт зданий, сооружений",0.0,04-07-01-00-00-003
"помещение объект № 2 (вспомогательный),  г. благовещенск, пер. св.иннокентия, 17 (04-07-01-00-00-003) (ремонт помещений)",231.0,2021.0,"Текущий ремонт зданий, сооружений",0.0,04-07-01-00-00-003
"помещение объект № 2 (вспомогательный),  г. благовещенск, пер. св.иннокентия, 17 корпус 2, помещение 20001 (04-07-01-00-00-003) (ремонт входа и помещения № 3)",353.06,2023.0,"Текущий ремонт зданий, сооружений",0.0,04-07-01-00-00-003
"18. административное здание, г. райчихинск, ул. победы, 49",0.0,2019.0,"Текущий ремонт зданий, сооружений",7.0,
"капитальный ремонт гаража по адресу: амурская область, г. благовещенск, пер. святителя иннокентия, 17",13677.35,2017.0,Капитальный ремонт,10.0,
"12. административное здание, г. благовещенск, пер. св. иннокентия, 17",997.0,2019.0,"Текущий ремонт зданий, сооружений",22.0,
"11. административное здание,  г. благовещенск, пер. св. иннокентия, 17 (04-01-02-00-01-001(комп.))",592.0,2020.0,"Текущий ремонт зданий, сооружений",22.0,04-01-02-00-01-001
"13. административное (пристройка) г. благовещенск, пер. св. иннокентия, 17",365.0,2019.0,"Текущий ремонт зданий, сооружений",24.0,
"выборочный капитальный ремонт, в части замены оконных блоков, объекта-административное (пристройка) по адресу: амурская область, г. благовещенск, пер.святителя иннокентия, 17",844.27,2018.0,Капитальный ремонт,24.0,
"1. административное (пристройка),  г. благовещенск, пер. св.иннокентия, 17 (04-01-01-00-02-002 (комп.))",150.0,2022.0,"Текущий ремонт зданий, сооружений",24.0,04-01-01-00-02-002
"12. административное (пристройка) по адресу: г. благовещенск, пер. св. иннокентия, 17 (04-01-01-00-02-002(комп))",240.0,2020.0,"Текущий ремонт зданий, сооружений",24.0,04-01-01-00-02-002
"административное (пристройка) по адресу: г. благовещенск, пер. св. иннокентия, 17 (04-01-01-00-02-002(комп)) (демонтаж/монтаж итсо)",24.37,2021.0,"Текущий ремонт зданий, сооружений",24.0,04-01-01-00-02-002
"административное (пристройка) по адресу: г. благовещенск, пер. св. иннокентия, 17 (04-01-01-00-02-002(комп)) (демонтаж/монтаж итсо)",37.38,2021.0,"Текущий ремонт зданий, сооружений",24.0,04-01-01-00-02-002
"административное (пристройка) по адресу: г. благовещенск, пер. св. иннокентия, 17 (04-01-01-00-02-002(комп)) (ремонт помещений) ",243.55,2021.0,"Текущий ремонт зданий, сооружений",24.0,04-01-01-00-02-002
"административное (пристройка) по адресу: г. благовещенск, пер. св. иннокентия, 17 (04-01-01-00-02-002(комп)) установка металлических решеток на оконных проемов",213.7,2021.0,"Текущий ремонт зданий, сооружений",24.0,04-01-01-00-02-002
"административное (пристройка), по адресу: г. благовещенск, пер. св. иннокентия, 17 корпус 1 (04-01-01-00-02-002(комп)) (ремонт приямков, ремонт кровли) ",257.0,2023.0,"Текущий ремонт зданий, сооружений",24.0,04-01-01-00-02-002
"15. административное здание г. благовещенск, ул. б.хмельницкого, 52/2",499.0,2019.0,"Текущий ремонт зданий, сооружений",26.0,
"выборочный капитальный ремонт административного здания, расположенного по адресу: г. благовещенск, ул. б. хмельницкого, д. 52/2",44553.69,2018.0,Капитальный ремонт,26.0,
"выборочный капитальный ремонт административного здания, расположенного по адресу: г. благовещенск, ул.б.хмельницкого, д. 52/2",45464.74,2019.0,Капитальный ремонт,26.0,
"выборочный капитальный ремонт административного здания, расположенного по адресу: г.благовещенск, ул.б.хмельницкого, д. 52/2 ",47222803.0,2020.0,Капитальный ремонт,26.0,
"создание системы автоматического газового пожаротушения  в хранилище к зданию по адресу: амурская область, г. благовещенск, ул. б. хмельницкого, 52/2",3550.16,2019.0,Капитальное строительство,26.0,
"создание системы автоматического газового пожаротушения в хранилище к зданию по адресу: амурская область, г. благовещенск, ул. б. хмельницкого, 52/2",3329.38,2018.0,Капитальное строительство,26.0,
"создание системы автоматического газового пожаротушения в хранилище к зданию по адресу: амурская область, г.благовещенск, ул. б. хмельницкого, 52/2",4528946.0,2020.0,Капитальное строительство,26.0,
"создание системы автоматического газового пожаротушения в хранилище к зданию по адресу: амурская область, г.благовещенск, ул. б. хмельницкого, 52/2",5443001.0,2021.0,Капитальное строительство,26.0,
"создание системы кондиционирования административного здания по адресу: амурская область, г. благовещенск, ул. б. хмельницкого, 52/2",8888.82,2018.0,Капитальное строительство,26.0,
"создание системы кондиционирования административного здания по адресу: амурская область, г.благовещенск, ул. б. хмельницкого, 52/2",8888.82,2019.0,Капитальное строительство,26.0,
"создание системы кондиционирования административного здания по адресу: амурская область, г.благовещенск, ул. б. хмельницкого, 52/2",4667631.0,2020.0,Капитальное строительство,26.0,
"создание системы кондиционирования административного здания по адресу: амурская область, г.благовещенск, ул. б. хмельницкого, 52/2",7423212.0,2021.0,Капитальное строительство,26.0,
"создание системы кондиционирования административного здания по адресу: амурская область, г.благовещенск, ул. б. хмельницкого, 52/2",14255841.0,2022.0,Капитальное строительство,26.0,
"создание системы кондиционирования административного здания по адресу: амурская область, г.благовещенск, ул. б. хмельницкого, 52/2",14255841.0,2023.0,Капитальное строительство,26.0,
"создание системы приточно-вытяжной вентиляции административного здания по адресу: амурская область, г. благовещенск, ул. б.хмельницкого, 52/2",11644.92,2018.0,Капитальное строительство,26.0,
"создание системы приточно-вытяжной вентиляции административного здания по адресу: амурская область, г.благовещенск, ул. б. хмельницкого, 52/2",11644.92,2019.0,Капитальное строительство,26.0,
"создание системы приточно-вытяжной вентиляции административного здания по адресу: амурская область, г.благовещенск, ул. б. хмельницкого, 52/2",3909519.0,2020.0,Капитальное строительство,26.0,
"создание системы приточно-вытяжной вентиляции административного здания по адресу: амурская область, г.благовещенск, ул. б. хмельницкого, 52/2",5894921.0,2021.0,Капитальное строительство,26.0,
"создание системы приточно-вытяжной вентиляции административного здания по адресу: амурская область, г.благовещенск, ул. б. хмельницкого, 52/2",7687106.0,2022.0,Капитальное строительство,26.0,
"создание системы приточно-вытяжной вентиляции административного здания по адресу: амурская область, г.благовещенск, ул. б. хмельницкого, 52/2",7687106.0,2023.0,Капитальное строительство,26.0,
"4.административное здание, г. благовещенск, ул. б.хмельницкого, 52/2 (04-01-01-00-06-006(комп))",1682.0,2022.0,"Текущий ремонт зданий, сооружений",26.0,04-01-01-00-06-006
"административное здание по адресу: г. благовещенск, ул. б. хмельницкого, 52/2 (04-01-01-00-06-006(комп.)) (ремонт ограждения, инв. № 300875) ",89.5,2023.0,"Текущий ремонт зданий, сооружений",26.0,04-01-01-00-06-006
"15.административное здание, по адресу: амурская область, г. тында, ул. профсоюзная, 12 (04-01-01-00-13-013 (комп.))",1057.0,2020.0,"Текущий ремонт зданий, сооружений",30.0,04-01-01-00-13-013
"административное здание, по адресу: амурская область, г. тында, ул. профсоюзная, 12 (04-01-01-00-13-013 (комп.)) (ремонт кровли)",1271.0,2021.0,"Текущий ремонт зданий, сооружений",30.0,04-01-01-00-13-013
"выборочный капитальный ремонт административного здания (ворот, ограждения с калиткой, ограждения) по адресу: амурская область, г. благовещенск, пер. св. иннокентия, 17",448.72,2017.0,Капитальный ремонт,30.0,
"выборочный капитальный ремонт административного здания, расположенного по адресу: амурская область, г. тында, ул. профсоюзная, 12 ",18034.120000000003,2017.0,Капитальный ремонт,30.0,
"14. пристройка к зданию главного управления центрального банка российской федерации по амурской области  г. благовещенск, пер. св. иннокентия, 17",499.0,2019.0,"Текущий ремонт зданий, сооружений",33.0,
"капитальный ремонт с перепланировкой помещений пристройки к зданию главного управления центрального банка рф по амурской области, административного (пристройка), гаража по адресам: российская федерация, амурская область, городской округ город благовещенск, город благовещенск, переулок св. иннокентия, дом 17 корпус 2, корпус 1, строение 1",43837947.0,2022.0,Капитальный ремонт,33.0,
"капитальный ремонт с перепланировкой помещений пристройки к зданию главного управления центрального банка рф по амурской области, административного (пристройка), гаража по адресам: российская федерация, амурская область, городской округ город благовещенск, город благовещенск, переулок св. иннокентия, дом 17 корпус 2, корпус 1, строение 1",43837947.0,2023.0,Капитальный ремонт,33.0,
"создание автоматической системы газового пожаротушения в помещениях №101 и №102 пристройки к зданию по адресу: амурская область, г. благовещенск, пер. св.иннокентия, 17",3024.36,2018.0,Капитальное строительство,33.0,
"текущий ремонт пристройки к зданию главного управления центрального банка российской федерации по амурской области по адресу: город благовещенск, переулок св.иннокентия, дом 17 корпус 2   по адресу: г.благовещенск, пер.св.иннокентия, 17",483.0,2023.0,"Текущий ремонт зданий, сооружений",33.0,
"текущий ремонт пристройки к зданию главного управления центрального банка российской федерации по амурской области по адресу: город благовещенск, переулок св.иннокентия, дом 17 корпус 2   по адресу: г.благовещенск, пер.св.иннокентия, 17  (итсо)",62.99,2023.0,"Текущий ремонт зданий, сооружений",33.0,
".пристройка к зданию главного управления центрального банка рф по амурской области, город благовещенск, переулок св. иннокентия, дом 17 корпус 2 (04-01-01-00-54-054(комп)) (ремонт лестничной клетки 1-3 этажей и помещения № 11) ",374.95,2023.0,"Текущий ремонт зданий, сооружений",33.0,04-01-01-00-54-054
"13.пристройка к зданию главного управления центрального банка российской федерации по амурской области  г. благовещенск, пер. св. иннокентия, 17 (04-01-01-00-54-054 (комп.))",499.0,2020.0,"Текущий ремонт зданий, сооружений",33.0,04-01-01-00-54-054
"2. пристройка к зданию главного управления центрального банка российской федерации по амурской области г. благовещенск, пер. св. иннокентия, 17 (04-01-01-00-54-054 (комп.))",499.0,2022.0,"Текущий ремонт зданий, сооружений",33.0,04-01-01-00-54-054
"пристройки к зданию отделения благовещенск по адресу: г.благовещенск, пер.св.иннокентия,17 (04-01-01-00-54-054 (комп.))",27.4,2021.0,"Текущий ремонт зданий, сооружений",33.0,04-01-01-00-54-054
"пристройки к зданию отделения благовещенск по адресу: г.благовещенск, пер.св.иннокентия,17 (04-01-01-00-54-054 (комп.)) (ремонт подпорной стенки) ",346.62,2021.0,"Текущий ремонт зданий, сооружений",33.0,04-01-01-00-54-054
"пристройки к зданию отделения благовещенск по адресу: г.благовещенск, пер.св.иннокентия,17 (04-01-01-00-54-054 (комп.))(итсо) ",34.86,2021.0,"Текущий ремонт зданий, сооружений",33.0,04-01-01-00-54-054
"пристройки к зданию отделения благовещенск по адресу: г.благовещенск, пер.св.иннокентия,17 (04-01-01-00-54-054 (комп.))(ремонт помещений) ",168.12,2021.0,"Текущий ремонт зданий, сооружений",33.0,04-01-01-00-54-054
"ограждения отделения биробиджан, г. биробиджан, пр-т 60-летия образования ссср, 5 (16-07-07-00-00-024)",168.0,2023.0,"Текущий ремонт зданий, сооружений",60.0,16-07-07-00-00-024
"19. административное здание г. биробиджан, пр-т 60-летия образования ссср,5",491.0,2019.0,"Текущий ремонт зданий, сооружений",62.0,
"капитальный ремонт кассового узла в административном здании отделения по еврейской автономной области, расположенного по адресу: еврейская автономная область г. биробиджан, проспект 60-летия образования ссср, 5",29924889.0,2020.0,Капитальный ремонт,62.0,
"капитальный ремонт кассового узла в административном здании отделения по еврейской автономной области, расположенного по адресу: еврейская автономная область г. биробиджан, проспект 60-летия образования ссср, 5",29924889.0,2021.0,Капитальный ремонт,62.0,
"1.административное здание г. биробиджан, пр-т 60-летия образования ссср,5 (16-01-01-00-03-003 (комп.))",491.0,2022.0,"Текущий ремонт зданий, сооружений",62.0,16-01-01-00-03-003
"16.административное здание г. биробиджан, пр-т 60-летия образования ссср,5 (16-01-01-00-03-003 (комп.))",491.0,2020.0,"Текущий ремонт зданий, сооружений",62.0,16-01-01-00-03-003
"административное здание г. биробиджан пр-т 60-летия  образования ссср, 5 (16-01-01-00-03-003 (комп.)) (ремонт помещений)",490.0,2021.0,"Текущий ремонт зданий, сооружений",62.0,16-01-01-00-03-003
"административное здание г. биробиджан пр-т 60-летия  образования ссср, 5 (16-01-01-00-03-003 (комп.)) (ремонт помещений)",317.0,2023.0,"Текущий ремонт зданий, сооружений",62.0,16-01-01-00-03-003
"22. подземная автостоянка, лит. д, г. петропавловск-камчатский, просп. к. маркса, 29/2 (24-05-01-00-00-003)",0.0,2019.0,"Текущий ремонт зданий, сооружений",66.0,24-05-01-00-00-003
"здание подземная автостоянка (лит. д), российская федерация, камчатский край, петропавловск-камчатский городской округ, город петропавловск-камчатский, проспект карла маркса, дом №29/2, строение № 1 (24-05-01-00-00-003)",0.0,2023.0,"Текущий ремонт зданий, сооружений",66.0,24-05-01-00-00-003
"подземная автостоянка, г. петропавловск-камчатский, просп. к. маркса, 29/2 (24-05-01-00-00-003) - замена оконных и дверных блоков, ремонт облицовки стен из керамической плитки, окраска стен, потолков, замена светильников",657.19,2021.0,"Текущий ремонт зданий, сооружений",66.0,24-05-01-00-00-003
"4.здание гаража (лит. в) отделения г. петропавловск-камчатский, ул. ленинская, 22 (24-05-01-00-00-006)",10.29,2022.0,"Текущий ремонт зданий, сооружений",68.0,24-05-01-00-00-006
"здание ркц мильково (лит. а, а1), российская федерация, камчатский край, мильковский муниципальный район, мильковское сельское поселение, село мильково. улица ленинская, дом № 33  (24-01-01-00-00-054)",181.82,2023.0,"Текущий ремонт зданий, сооружений",74.0,24-01-01-00-00-054
"1.помещения столовой в здании отделения г. петропавловск-камчатский, просп. к. маркса, 29/2 (24-03-01-00-01-002 (комп))",211.0,2020.0,"Текущий ремонт зданий, сооружений",114.0,24-03-01-00-01-002
"2.помещения столовой в здании отделения г. петропавловск-камчатский, просп. к. маркса, 29/2 (24-03-01-00-01-002 (комп))",383.41,2022.0,"Текущий ремонт зданий, сооружений",114.0,24-03-01-00-01-002
"3. помещения здравпункта в здании отделения г. петропавловск-камчатский, просп. к. маркса, 29/2 (24-03-01-00-01-002 (комп))",276.0,2019.0,"Текущий ремонт зданий, сооружений",114.0,24-03-01-00-01-002
"помещения столовой в здании отделения г. петропавловск-камчатский, просп. к. маркса, 29/2 (24-03-01-00-01-002 (комп)) - ремонт помещений; ремонт примыканий кровли",944.25,2021.0,"Текущий ремонт зданий, сооружений",114.0,24-03-01-00-01-002
"помещения столовой в здании отделения, российская федерация, камчатский край, петропавловск-камчатский городской округ, город петропавловск-камчатский, проспект карла маркса, дом № 29/2 (24-03-01-00-01-002 (комп)) (ремонт помещений)  ",370.35,2023.0,"Текущий ремонт зданий, сооружений",114.0,24-03-01-00-01-002
"13.здание лечебного корпуса, лит. ж (24-03-01-01-00-013 (груп.)) пансионата ""светлячок"" по адресу: камчатский край, елизовский район, с. паратунка, п. светлячок",201.6,2020.0,"Текущий ремонт зданий, сооружений",124.0,24-03-01-01-00-013
"11. здание столовая на 108 мест, лит. т пансионата ""светлячок"" по адресу: камчатский край, елизовский район, с. паратунка, п. светлячок(24-03-01-01-00-014 (груп.))",2174.15,2019.0,"Текущий ремонт зданий, сооружений",125.0,24-03-01-01-00-014
"12.здание столовая на 108 мест, лит. т (24-03-01-01-00-014 (груп.)) пансионата ""светлячок"" по адресу: камчатский край, елизовский район, с. паратунка, п. светлячок ",2284.15,2020.0,"Текущий ремонт зданий, сооружений",125.0,24-03-01-01-00-014
"10. здание административно-хозяйственный корпус итм го, лит. у по адресу: камчатский край, елизовский район, с. паратунка, п. светлячок (24-03-01-01-00-015(груп.)",238.7,2019.0,"Текущий ремонт зданий, сооружений",126.0,24-03-01-01-00-015
"реконструкция   объекта  ""сооружение  скважина холодной воды"", расположенного  по адресу: камчатский край, елизовский район, с паратунка, пансионат  ""светлячок""",22388.3,2017.0,Капитальное строительство,131.0,
"реконструкция объекта: ""сооружение скважина холодной воды"", расположенного по адресу: камчатский край, елизовский район, с. паратунка, пансионат ""светлячок""",28663.48,2018.0,Капитальное строительство,131.0,
"капитальный ремонт фасада здания комбинированного овощехранилища на 40 тн., расположенного по адресу: камчатский край, елизовский  район, с. паратунка, пансионат ""светлячок""",649.0,2018.0,Капитальный ремонт,134.0,
"15.здание спальный корпус №1 итм го, лит. м по адресу: камчатский край, елизовский район, с. паратунка, п. светлячок (24-03-01-01-00-027 (груп.)) ",0.0,2019.0,"Текущий ремонт зданий, сооружений",138.0,24-03-01-01-00-027
"капитальный ремонт здания «спальный корпус № 2 итм го», расположенного по адресу: камчатский край, елизовский район, с. паратунка, пансионат «светлячок»",13845.31,2019.0,Капитальный ремонт,139.0,
"капитальный ремонт здания спального корпуса № 3 итм го, расположенного по адресу: камчатский край, елизовский район, с. паратунка, пансионат ""светлячок""",12125.86,2017.0,Капитальный ремонт,140.0,
"14. силовые электросети зпу по адресу: камчатский край, елизовский район, с. паратунка, п. светлячок",0.0,2019.0,"Текущий ремонт зданий, сооружений",142.0,
"14.благоустройство территории пансионата ""светлячок"" по адресу: камчатский край, елизовский район, с. паратунка, п. светлячок",668.25,2020.0,"Текущий ремонт зданий, сооружений",150.0,
"12. здание проходной, лит. ю по адресу: камчатский край, елизовский район, с. паратунка, п. светлячок",352.36,2019.0,"Текущий ремонт зданий, сооружений",152.0,
"13. здание проходной, лит. э по адресу: камчатский край, елизовский район, с. паратунка, п. Светлячок",359.79,2019.0,"Текущий ремонт зданий, сооружений",152.0,
"реконструкция объекта ""сооружение ливневая канализация и водоотводные лотки"" , расположенного  по адресу: камчатский край, елизовский район, с. паратунка, пансионат ""светлячок""",9634.24,2019.0,Капитальное строительство,154.0,
"гараж центрального банка российской федерации (банка россии), 685000, магаданская обл, г магадан, ул пушкина, д 6, 37-05-01-00-00-002",195.1,2020.0,"Текущий ремонт зданий, сооружений",158.0,37-05-01-00-00-002
"«административное здание, по адресу: российская федерация, магаданская область, муниципальное образование ""город магадан"", город магадан, ул. пушкина, здание 4, (37-01-01-00-01-001(комп.)). работы по демонтажу, монтажу и восстановлению итсо при проведении работ по текущему ремонту.",160.3,2023.0,"Текущий ремонт зданий, сооружений",177.0,37-01-01-00-01-001
"«административное здание, по адресу: российская федерация, магаданская область, муниципальное образование ""город магадан"", город магадан, ул. пушкина, здание 4, (37-01-01-00-01-001(комп.)). работы по разблокировке эвакуационных выходов.",40.58,2023.0,"Текущий ремонт зданий, сооружений",177.0,37-01-01-00-01-001
"административное здание центрального банка российской федерации (банка россии) по адресу: российская федерация, магаданская область, муниципальное образование «город магадан», город магадан, улица пушкина, здание 4 (37-01-01-00-01-001(комп.))",1673.67,2023.0,"Текущий ремонт зданий, сооружений",177.0,37-01-01-00-01-001
"22. гараж; магаданская обл., тенькинский р-н, п. усть-омчуг, ул. горняцкая, 44 а (37-05-01-00-03-040(комп.))",237.8,2020.0,"Текущий ремонт зданий, сооружений",184.0,37-05-01-00-03-040
"1. здание (лит. а), г.владивосток, океанский пр., 34 (51-01-01-00-00-005)",930.02,2022.0,"Текущий ремонт зданий, сооружений",185.0,51-01-01-00-00-005
"2.здание (лит.а), г.владивосток, океанский пр.,34 (51-01-01-00-00-005) ",3191.46,2020.0,"Текущий ремонт зданий, сооружений",185.0,51-01-01-00-00-005
"3. здание - центральный банк российской федерации (банк россии), (лит.а), г.владивосток, океанский пр.,34 (51-01-01-00-00-005) ",1993.03,2019.0,"Текущий ремонт зданий, сооружений",185.0,51-01-01-00-00-005
"здание (лит.а), г.владивосток, океанский пр.,34 (51-01-01-00-00-005) - восстановление части фасада.",12.5,2023.0,"Текущий ремонт зданий, сооружений",185.0,51-01-01-00-00-005
"здание (лит.а), г.владивосток, океанский пр.,34 (51-01-01-00-00-005) - ремонт помещений",4306.31,2023.0,"Текущий ремонт зданий, сооружений",185.0,51-01-01-00-00-005
"здание (лит.а), г.владивосток, океанский пр.,34 (51-01-01-00-00-005) - ремонт помещения",81.55,2023.0,"Текущий ремонт зданий, сооружений",185.0,51-01-01-00-00-005
"здание (лит.а), г.владивосток, океанский пр.,34 (51-01-01-00-00-005) - ремонт фасада",499.3,2021.0,"Текущий ремонт зданий, сооружений",185.0,51-01-01-00-00-005
"5. нежилые помещения в здании (лит.а); номера на поэтажном плане: 25, 30-38 (iii) г. владивосток, ул. светланская, 73 (51-01-01-00-00-006)",36.14,2019.0,"Текущий ремонт зданий, сооружений",186.0,51-01-01-00-00-006
" ркц,ркц(пристройка), приморский край, уссурийский городской округ, город уссурийск, улица некрасова, здание № 102 (51-01-01-00-00-011)",853.86,2023.0,"Текущий ремонт зданий, сооружений",190.0,51-01-01-00-00-011
"11.ркц, приморский край, г. уссурийск, ул. некрасова, 102 (51-01-01-00-00-011)",0.0,2022.0,"Текущий ремонт зданий, сооружений",190.0,51-01-01-00-00-011
"6,ркц, приморский край; г.уссурийск, ул.некрасова,102 (51-01-01-00-00-011)",83.8,2020.0,"Текущий ремонт зданий, сооружений",190.0,51-01-01-00-00-011
"9. здание - административное (лит. а, а1, а2), приморский край; г.уссурийск, ул.некрасова,102 (51-01-01-00-00-011)",790.6,2019.0,"Текущий ремонт зданий, сооружений",190.0,51-01-01-00-00-011
"10. одноэтажное здание (лит.б, гараж ркц на 10 автомобилей), приморский край, г. уссурийск, ул. некрасова, 102 (51-05-01-00-00-016)",1785.3,2019.0,"Текущий ремонт зданий, сооружений",193.0,51-05-01-00-00-016
"8. гараж ркц на 10 автомобилей, приморский край, г. уссурийск, ул. некрасова, 102 (51-05-01-00-00-016)",180.58,2020.0,"Текущий ремонт зданий, сооружений",193.0,51-05-01-00-00-016
"8. здание банка приморский край, партизанский р-н, с владимиро-александровское, ул.седова, 23 (51-01-02-00-00-022)",0.0,2019.0,"Текущий ремонт зданий, сооружений",196.0,51-01-02-00-00-022
"расчетно-кассовый центр первомайский г. владивосток гу банка россии по приморскому краю с пристройками, приморский край, г. владивосток, калинина, 261 (51-01-01-00-00-044) ремонт ограждения здания",275.28,2021.0,"Текущий ремонт зданий, сооружений",209.0,51-01-01-00-00-044
"расчетно-кассовый центр первомайский г.владивосток гу банка россии по приморскому краю с пристройками, приморский край, г.владивосток, калинина, 261 (51-01-01-00-00-044)",157.35,2023.0,"Текущий ремонт зданий, сооружений",209.0,51-01-01-00-00-044
"расчетно-кассовый центр первомайский г.владивосток гу банка россии по приморскому краю с пристройками, приморский край, г.владивосток, калинина, 261 (51-01-01-00-00-044)-прочистка колодца",65.74,2023.0,"Текущий ремонт зданий, сооружений",209.0,51-01-01-00-00-044
"2.нежилое помещение, приморский край, г.владивосток, ул. фонтанная, 19 (51-06-01-00-00-186)",487.66,2022.0,"Текущий ремонт зданий, сооружений",228.0,51-06-01-00-00-186
"нежилое помещение, приморский край, г.владивосток, ул. фонтанная, 19 (51-06-01-00-00-186) - ремонт помещений",449.96,2021.0,"Текущий ремонт зданий, сооружений",228.0,51-06-01-00-00-186
"нежилое помещение, приморский край, г.владивосток, ул. фонтанная, 19 (51-06-01-00-00-186) - ремонт помещений",810.22,2023.0,"Текущий ремонт зданий, сооружений",228.0,51-06-01-00-00-186
"1. здание г.владивосток, ул. светланская,71(пристройка) (51-01-01-00-01-002 (комп)",1979.74,2020.0,"Текущий ремонт зданий, сооружений",231.0,51-01-01-00-01-002
"2. пятиэтажное здание (лит.а2-пристройка, центральный банк рф) с цокольным и мансардными этажами, ул. светланская,71 (51-01-01-00-01-002 (комп)",186.37,2019.0,"Текущий ремонт зданий, сооружений",231.0,51-01-01-00-01-002
"11. проходная пристройки ркц уссурийск, приморский край, г. уссурийск, ул. некрасова, 102 (51-01-01-00-02-013 (комп.))",0.0,2019.0,"Текущий ремонт зданий, сооружений",234.0,51-01-01-00-02-013
"9. проходная пристройки ркц, приморский край, г. уссурийск, ул. некрасова, 102 (51-01-01-00-02-013 (комп.))",0.0,2020.0,"Текущий ремонт зданий, сооружений",234.0,51-01-01-00-02-013
"здание - расчетно-кассовый центр г. находка главного управления центрального банка российской федерации по приморскому краю, приморский край, г. находка, проспект находкинский, 13 (51-01-01-00-06-046(комп.)) устройство площадки тко под мусорные баки",86.12,2021.0,"Текущий ремонт зданий, сооружений",239.0,51-01-01-00-06-046
"выборочный капитальный ремонт  нежилых помещений, расположенных по адресу:  г. владивосток, ул. светланская, д.73",2875630.0,2020.0,Капитальный ремонт,241.0,
"выборочный капитальный ремонт  нежилых помещений, расположенных по адресу:  г. владивосток, ул. светланская, д.73",2907500.0,2021.0,Капитальный ремонт,241.0,
"выборочный капитальный ремонт нежилых помещений, расположенных по адресу: г. владивосток, ул. светланская, д.73",2907500.0,2022.0,Капитальный ремонт,241.0,
"выборочный капитальный ремонт нежилых помещений, расположенных по адресу: г. владивосток, ул. светланская, д.73",2907500.0,2023.0,Капитальный ремонт,241.0,
"капитальный ремонт гидроизоляции фундаментов объекта: ""помещения столовой гу в нежилых помещениях в здании (лит. а); номера на поэтажном плане: 1-28; 1-24, 26-29, 39-43; 1-34 (iii)"", расположенного по адресу: приморский край, г. владивосток, ул. светланская, д. 73",2817.2,2018.0,Капитальный ремонт,241.0,
"капитальный ремонт нежилых помещений и помещения столовой  гу в нежилых помещениях здания  (лит.а), расположенных по адресу:  г. владивосток, ул. светланская, д.73",31288369.0,2022.0,Капитальный ремонт,241.0,
"капитальный ремонт нежилых помещений и помещения столовой  гу в нежилых помещениях здания  (лит.а), расположенных по адресу:  г. владивосток, ул. светланская, д.73",31288369.0,2023.0,Капитальный ремонт,241.0,
"капитальный ремонт нежилых помещений и помещения столовой  гу в нежилых помещениях здания  (лит.а), расположенных по адресу:  г. владивосток, ул. светланская, д.73  ",30232722.0,2020.0,Капитальный ремонт,241.0,
"капитальный ремонт нежилых помещений и помещения столовой  гу в нежилых помещениях здания  (лит.а), расположенных по адресу:  г. владивосток, ул. светланская, д.73     ",31288369.0,2021.0,Капитальный ремонт,241.0,
"реконструкция теплововго пункта дальневостчоного гу банка россии, расположенного в нежилых помещениях по адресу: г. владивосток, ул. светланская, 73",631632.0,2020.0,Капитальное строительство,241.0,
"создание системы вентиляции в помещениях столовой дальневосточного гу банка россии по адресу: г. владивосток, ул. светланская, д. 73",3643.39,2019.0,Капитальное строительство,241.0,
"создание системы вентиляции в помещениях столовой дальневосточного гу банка россии по адресу: г. владивосток, ул. светланская, д. 73",9250355.0,2021.0,Капитальное строительство,241.0,
"создание системы вентиляции в помещениях столовой дальневосточного гу банка россии по адресу: г. владивосток, ул. светланская, д. 73",8446859.0,2022.0,Капитальное строительство,241.0,
"создание системы вентиляции в помещениях столовой дальневосточного гу банка россии по адресу: г. владивосток, ул. светланская, д. 73",8446859.0,2023.0,Капитальное строительство,241.0,
"3. нежилые помещения в здании (лит 1,а). владивосток, ул. светланская, 73 (51-01-01-00-07-184(комп.))",102.31,2020.0,"Текущий ремонт зданий, сооружений",241.0,51-01-01-00-07-184
"4. нежилые помещения в здании (лит 1,а). владивосток, ул. светланская, 73 (51-01-01-00-07-184(комп.))",260.8,2019.0,"Текущий ремонт зданий, сооружений",241.0,51-01-01-00-07-184
"1. помещения столовой гу в здании центрального банка российской федерации (банк россии) с пристройкой г. владивосток светланская, 73 (лит. а, пристройка - лит. а1) (51-03-01-00-07-185(комп.))",138.5,2019.0,"Текущий ремонт зданий, сооружений",242.0,51-03-01-00-07-185
"1. здание- центральный банк российской федерации (банк россии) с пристройкой, ул. светланская, 71  ( 51-01-01-00-11-001(комп))",1021.76,2019.0,"Текущий ремонт зданий, сооружений",243.0,51-01-01-00-11-001
"5.здание-центральный банк российской федерации (банк россии) с пристройкой г. владивосток, ул. светланская, 71 (51-01-01-00-11-001(комп.))",0.0,2020.0,"Текущий ремонт зданий, сооружений",243.0,51-01-01-00-11-001
"здание-центральный банк российской федерации (банк россии) с пристройкой, приморский край, г. владивосток, светланская, 71 (51-01-01-00-11-001 (комп.)) работы по оборудованию ограждения площадки для накопления тко",154.37,2021.0,"Текущий ремонт зданий, сооружений",243.0,51-01-01-00-11-001
"здание-центральный банк российской федерации (банк россии) с пристройкой, приморский край, г. владивосток, светланская, 71 (51-01-01-00-11-001 (комп.)) ремонт ограждения здания",185.05,2021.0,"Текущий ремонт зданий, сооружений",243.0,51-01-01-00-11-001
"здание-центральный банк российской федерации (банк россии) с пристройкой, приморский край, г. владивосток, светланская, 71 (51-01-01-00-11-001 (комп.)) ремонтные работы на кровли здания",27.85,2021.0,"Текущий ремонт зданий, сооружений",243.0,51-01-01-00-11-001
"здание-центральный банк российской федерации (банк россии) с пристройкой, приморский край, г.о. владивостокский, г.владивосток, ул. светланская, д.71 (51-01-01-00-11-001 (комп.))» ",195.91,2023.0,"Текущий ремонт зданий, сооружений",243.0,51-01-01-00-11-001
"4.лечебный корпус (лит. а5-пристройка) (51-03-01-01-00-056 (групп.)) санатория ""им. 50-летия октября""",295.95,2020.0,"Текущий ремонт зданий, сооружений",247.0,51-03-01-01-00-056
"3.спальный корпус (лит. а3) (51-03-02-01-00-057 (групп.)) санатория ""им. 50-летия октября""",7281.86,2020.0,"Текущий ремонт зданий, сооружений",248.0,51-03-02-01-00-057
"5.пристройка спортзала (лит. а6) (51-03-01-01-00-060 (групп.)) санатория ""им. 50-летия октября""",313.38,2020.0,"Текущий ремонт зданий, сооружений",249.0,51-03-01-01-00-060
"7. контора хоз. части (лит. а) (51-01-01-01-00-068 (групп.)) санатория ""им. 50-летия октября""",198.9,2020.0,"Текущий ремонт зданий, сооружений",254.0,51-01-01-01-00-068
"8. канализация сан. зоны (51-04-01-01-00-077 (групп.)) санатория ""им. 50-летия октября""",87.07,2020.0,"Текущий ремонт зданий, сооружений",261.0,51-04-01-01-00-077
"выборочный капитальный ремонт  котельной с хозяйственно-бытовыми помещениями (лит. а8) в части установки противопожарных дверей санатория ""им. 50-летия октября"" по адресу: приморский край, кировский район, кп горные ключи, ул. цымбалюка, 1",33.5,2017.0,Капитальный ремонт,263.0,
"9.спортивная площадка с ограждением (51-07-01-01-00-086 (групп.)) санатория ""им. 50-летия октября""",5210.78,2020.0,"Текущий ремонт зданий, сооружений",267.0,51-07-01-01-00-086
"11.дымовые трубы (лит. б) (51-04-01-01-00-139 (групп.)) санатория ""им. 50-летия октября""",737.18,2020.0,"Текущий ремонт зданий, сооружений",283.0,51-04-01-01-00-139
"6.столовая, клуб с танцзалом, библиотека и гостевой зал (51-03-01-01-00-182 (групп.)) санатория ""им. 50-летия октября""",104.29,2020.0,"Текущий ремонт зданий, сооружений",292.0,51-03-01-01-00-182
" пристрой к административному зданию литер а1 по адресу: ул. кирова, 17, г. якутск, республика саха (якутия) (58-01-01-00-00-005)",24.24,2021.0,"Текущий ремонт зданий, сооружений",295.0,58-01-01-00-00-005
"2. пристрой к административному зданию литер а1 по адресу: ул. кирова, 17, г. якутск, республика саха (якутия) (58-01-01-00-00-005) ",389.27,2022.0,"Текущий ремонт зданий, сооружений",295.0,58-01-01-00-00-005
"30. пристрой к административному зданию литер а1 по адресу: ул. кирова, 17, г. якутск, республика саха (якутия) (58-01-01-00-00-005) ",415.56,2020.0,"Текущий ремонт зданий, сооружений",295.0,58-01-01-00-00-005
"37. пристрой к административному зданию литер а1 по адресу: ул. кирова, 17, г. якутск, республика саха (якутия) (58-01-01-00-00-005)",0.0,2019.0,"Текущий ремонт зданий, сооружений",295.0,58-01-01-00-00-005
"пристрой к административному зданию литер а1 по адресу: ул. кирова, 17, г. якутск, республика саха (якутия).  реестровый номер: 58-01-01-00-00-005                                                                                           ",95.29,2023.0,"Текущий ремонт зданий, сооружений",295.0,58-01-01-00-00-005
"32.административное здание литер а6 по адресу: ул. кирова, 17, г. якутск, республика саха (якутия) (58-01-01-00-00-009) ",634.75,2020.0,"Текущий ремонт зданий, сооружений",296.0,58-01-01-00-00-009
"34. административное здание литер а6 по адресу: ул. кирова, 17, г. якутск, республика саха (якутия) (58-01-01-00-00-009) ",10.22,2019.0,"Текущий ремонт зданий, сооружений",296.0,58-01-01-00-00-009
"4.административное здание литер а6 по адресу: ул. кирова, 17, г. якутск, республика саха (якутия) (58-01-01-00-00-009) ",307.8,2022.0,"Текущий ремонт зданий, сооружений",296.0,58-01-01-00-00-009
"административное здание литер а6 по адресу: г. якутск, ул. кирова, 17 (реестровый номер 58-01-01-00-00-009)",216.83,2021.0,"Текущий ремонт зданий, сооружений",296.0,58-01-01-00-00-009
"административное здание литер а6 по адресу: ул. кирова, 17, г. якутск, республика саха (якутия).                                                                                            реестровый номер: 58-01-01-00-00-009          ",0.0,2023.0,"Текущий ремонт зданий, сооружений",296.0,58-01-01-00-00-009
"8.гараж литер д1 по адресу: ул. кирова, 17, г. якутск, республика саха (якутия) (58-05-01-00-00-010)",0.0,2022.0,"Текущий ремонт зданий, сооружений",297.0,58-05-01-00-00-010
"гараж литер д1 по адресу: ул. кирова, 17, г. якутск, республика саха (якутия) (58-05-01-00-00-010)",7.98,2021.0,"Текущий ремонт зданий, сооружений",297.0,58-05-01-00-00-010
"1. часть-здания - общежитие по адресу: ул. 50 лет советской армии, 31/7, г. якутск, республика саха (якутия).                                                                                       ",159.0,2019.0,"Текущий ремонт зданий, сооружений",300.0,
"10.здание дэс литер е по адресу: пр. кирова, 17, г. якутск, республика саха (якутия) (58-04-01-00-00-017) ",0.0,2022.0,"Текущий ремонт зданий, сооружений",301.0,58-04-01-00-00-017
"5.расчётно-кассовый центр по адресу: ул. ленина, 70, г. ленск, ленский район, республика саха (якутия) (58-01-02-00-00-031)  ",250.08,2022.0,"Текущий ремонт зданий, сооружений",309.0,58-01-02-00-00-031
"33.административное здание литер а (архив) по адресу: ул. орджоникидзе, 24, г. покровск, хангаласский улус, республика саха (якутия). (58-01-01-00-00-038)",0.0,2020.0,"Текущий ремонт зданий, сооружений",312.0,58-01-01-00-00-038
"7.административное здание литер а по адресу: ул. орджоникидзе, 24, г. покровск, хангаласский улус, республика саха (якутия) (58-01-01-00-00-038)",582.76,2022.0,"Текущий ремонт зданий, сооружений",312.0,58-01-01-00-00-038
"39. расчётно-кассовый центр по адресу: ул. ленина, 14, п. усть-нера, оймяконский район, республика саха (якутия) (58-01-02-00-00-043)   ",0.0,2019.0,"Текущий ремонт зданий, сооружений",316.0,58-01-02-00-00-043
"1.административное здание литеры а, а3, а4, а5 по адресу: ул. кирова, 17, г. якутск, республика саха (якутия) (58-01-01-00-01-002 (комп.))        ",802.92,2022.0,"Текущий ремонт зданий, сооружений",355.0,58-01-01-00-01-002
"29.административное здание литеры а, а3, а4, а5 по адресу: ул. кирова, 17, г. якутск, республика саха (якутия) (58-01-01-00-01-002 (комп.))        ",1374.31,2020.0,"Текущий ремонт зданий, сооружений",355.0,58-01-01-00-01-002
"32.  административное здание литеры а, а3, а4, а5 по адресу: ул. кирова, 17, г. якутск, республика саха (якутия) (58-01-01-00-01-002 (комп.))        ",472.78,2019.0,"Текущий ремонт зданий, сооружений",355.0,58-01-01-00-01-002
"административное здание литеры а, а3, а4, а5 по адресу: г. якутск, ул. кирова, 17 (58-01-01-00-01-002 (комп.))",6918.54,2023.0,"Текущий ремонт зданий, сооружений",355.0,58-01-01-00-01-002
"административное здание литеры а, а3, а4, а5 по адресу: ул. кирова, 17, г. якутск, республика саха (якутия) (58-01-01-00-01-002 (комп.))",1037.37,2021.0,"Текущий ремонт зданий, сооружений",355.0,58-01-01-00-01-002
"40. часть здания банка по адресу: ул. 10 лет якутии, 31/а, г. алдан, алданский район, республика саха (якутия) (58-01-01-00-03-019 (комп.))",0.0,2019.0,"Текущий ремонт зданий, сооружений",360.0,58-01-01-00-03-019
"34.здание (строение) под расчётно-кассовый центр по адресу: ул. ленина, 25, г. нерюнгри, оймяконский район, республика саха (якутия) (58-01-02-00-04-034 (комп.))                                                                                                ",1346.14,2020.0,"Текущий ремонт зданий, сооружений",363.0,58-01-02-00-04-034
"6.здание (строение) под расчётно-кассовый центр по адресу: ул. ленина, 25, г. нерюнгри, республика саха (якутия) (58-01-02-00-04-034 (комп.)).                                                                                 ",815.24,2022.0,"Текущий ремонт зданий, сооружений",363.0,58-01-02-00-04-034
"здание (строение) под расчётно-кассовый центр по адресу: ул. ленина, 25, г. нерюнгри, республика саха (якутия).   реестровый номер: 58-01-02-00-04-034 (комп.).                         ",0.0,2023.0,"Текущий ремонт зданий, сооружений",363.0,58-01-02-00-04-034
"3.пристрой к административному зданию литер а2 по адресу: ул. кирова, 17, г. якутск, республика саха (якутия) (58-01-01-00-05-006 (комп.))                                       ",779.02,2022.0,"Текущий ремонт зданий, сооружений",365.0,58-01-01-00-05-006
"31.пристрой к административному зданию литер а2 по адресу: ул. кирова, 17, г. якутск, республика саха (якутия) (58-01-01-00-05-006 (комп.))                                       ",1749.17,2020.0,"Текущий ремонт зданий, сооружений",365.0,58-01-01-00-05-006
"33.  пристрой к административному зданию литер а2 по адресу: ул. кирова, 17, г. якутск, республика саха (якутия) (58-01-01-00-05-006 (комп.))                                       ",531.07,2019.0,"Текущий ремонт зданий, сооружений",365.0,58-01-01-00-05-006
"пристрой к административному зданию литер а2 по адресу: г. якутск, ул. кирова, 17. реестровый номер 58-01-01-00-05-006 (комп.)",829.25,2021.0,"Текущий ремонт зданий, сооружений",365.0,58-01-01-00-05-006
"2.административное здание, лит. а,  г. курильск, ул. сахалинская, 1-а  (59-01-01-00-00-015)",151.0,2022.0,"Текущий ремонт зданий, сооружений",383.0,59-01-01-00-00-015
"27.административное здание,  г. курильск,  ул.сахалинская, 1а (59-01-01-00-00-015)",24.0,2020.0,"Текущий ремонт зданий, сооружений",383.0,59-01-01-00-00-015
"административное здание, лит. а, г. курильск, ул. сахалинская, 1а (59-01-01-00-00-015) (огнезащита деревянных конструкций кровли)",479.0,2023.0,"Текущий ремонт зданий, сооружений",383.0,59-01-01-00-00-015
"административное здание, лит. а, г. курильск, ул. сахалинская, 1а (59-01-01-00-00-015) (ремонт системы отопления)",120.0,2021.0,"Текущий ремонт зданий, сооружений",383.0,59-01-01-00-00-015
"28.административное здание,  г. холмск,  ул.школьная,  64 (59-01-02-00-00-021)",24.0,2020.0,"Текущий ремонт зданий, сооружений",385.0,59-01-02-00-00-021
"24.«ограждение» отделения южно-сахалинск по адресу: г. южно-сахалинск, коммунистический пр-т, 47 (59-07-01-00-00-053) ",0.0,2020.0,"Текущий ремонт зданий, сооружений",401.0,59-07-01-00-00-053
26.сооружение коммунального хозяйства (теплотрасса) отделения южно-сахалинск (59-04-01-00-00-061) ,0.0,2020.0,"Текущий ремонт зданий, сооружений",404.0,59-04-01-00-00-061
"29. трасса теплоснабжения, сахалинская область, г. южно-сахалинск, от тепловой камеры по восточной стороне улицы амурской до здания главного управления банка россии по сахалинской области, коммунистический проспект, 47 (59-04-01-00-00-061)",0.0,2019.0,"Текущий ремонт зданий, сооружений",404.0,59-04-01-00-00-061
"выборочный капитальный ремонт ""сооружения коммунального хозяйства"" (сеть теплоснабжения) административного здания отделения южно-сахалинск",184.94,2017.0,Капитальный ремонт,404.0,
" административное здание, лит. а,  г.  ю-сахалинск, коммунистический,  пр. , 47 (59-01-01-00-02-019 (комп)) ",3239.4,2023.0,"Текущий ремонт зданий, сооружений",407.0,59-01-01-00-02-019
" административное здание, лит. а,  г.  ю-сахалинск, коммунистический,  пр. , 47 (59-01-01-00-02-019 (комп)) (текущий ремонт кабинета 303а)",497.9,2021.0,"Текущий ремонт зданий, сооружений",407.0,59-01-01-00-02-019
"1.административное здание, лит. а, г. южно-сахалинск, коммунистический проспект, 47 (59-01-01-00-02-019 (комп)) ",3667.0,2022.0,"Текущий ремонт зданий, сооружений",407.0,59-01-01-00-02-019
"23.административное здание, лит. а, г. южно-сахалинск, коммунистический проспект, 47 (59-01-01-00-02-019 (комп)) ",4893.0,2020.0,"Текущий ремонт зданий, сооружений",407.0,59-01-01-00-02-019
"административное здание, лит. а,  г.  ю-сахалинск, коммунистический,  пр. , 47 (59-01-01-00-02-019 (комп)) (ремонт системы канализации)",95.97,2021.0,"Текущий ремонт зданий, сооружений",407.0,59-01-01-00-02-019
"административное здание, лит. а,  г.  ю-сахалинск, коммунистический,  пр. , 47 (59-01-01-00-02-019 (комп)) (ремонт системы отопления)",24.17,2021.0,"Текущий ремонт зданий, сооружений",407.0,59-01-01-00-02-019
"административное здание, лит. а,  г.  ю-сахалинск, коммунистический,  пр. , 47 (59-01-01-00-02-019 (комп)) (ремонт системы отопления)",42.95,2021.0,"Текущий ремонт зданий, сооружений",407.0,59-01-01-00-02-019
"административное здание, лит. а,  г.  ю-сахалинск, коммунистический,  пр. , 47 (59-01-01-00-02-019 (комп)) (текущий ремонт помещений)",2823.01,2021.0,"Текущий ремонт зданий, сооружений",407.0,59-01-01-00-02-019
"выборочный капитальный ремонт в части усиления конструкций перекрытия над помещением серверной 2-хэтажного блока административного зддания по адресу: г. южно-сахалинск, коммунистический проспект, 47 (литер а)",3634.45,2017.0,Капитальный ремонт,407.0,
"выборочный капитальный ремонт, в части замены оконных блоков административного здания по адресу: г. южно-сахалинск, коммунистический проспект, 47, литер а ",4098.36,2017.0,Капитальный ремонт,407.0,
"4.убежище 300 мест,  по адресу: г. хабаровск, ул. муравьева-амурского, 42 (73-07-01-00-00-005 (комп.))",104.0,2022.0,"Текущий ремонт зданий, сооружений",416.0,73-07-01-00-00-005
"49. здание ""убежище на 300 мест"",  г. хабаровск, ул. муравьева-амурского, д. 42, лит д (73-07-01-00-00-005)",0.0,2019.0,"Текущий ремонт зданий, сооружений",416.0,73-07-01-00-00-005
"центральный банк (убежище 300 мест), по адресу: г. хабаровск, ул. муравьева-амурского, 42 (73-07-01-00-00-005 (комп.)) ремонт инженерных систем ",95.9,2021.0,"Текущий ремонт зданий, сооружений",416.0,73-07-01-00-00-005
"12.ркц  комсомольск-на-амуре  по адресу: г. комсомольске-на-амуре пр-кт первостроителей, 19 (реестровый №73-01-05-00-00-025)",0.0,2022.0,"Текущий ремонт зданий, сооружений",421.0,73-01-05-00-00-025
"39. ркц г. комсомольск-на-амуре, хабаровский край, г. комсомольск-на-амуре, пр-т первостроителей, д. 19 (73-01-05-00-00-025)",487.0,2020.0,"Текущий ремонт зданий, сооружений",421.0,73-01-05-00-00-025
"52. ркц г. комсомольск-на-амуре, хабаровский край, г. комсомольск-на-амуре, пр-т первостроителей, д. 19 (73-01-05-00-00-025)",302.0,2019.0,"Текущий ремонт зданий, сооружений",421.0,73-01-05-00-00-025
"выборочный капитальный ремонт объекта ""банк, литер а, а1, имущество центрального банка российской федерации"" по адресу: хабаровский край, г. хабаровск, ул. калинина, д. 156",9882.03,2017.0,Капитальный ремонт,428.0,
"41. трансформаторная подстанция, хабаровский край, г. советская гавань, ул. советская, д. 26 (73-04-01-00-00-061)",0.0,2020.0,"Текущий ремонт зданий, сооружений",431.0,73-04-01-00-00-061
".кабельная линия электропередачи напряжением 10 кв», по адресу: хабаровский край, г. советская гавань (73-04-01-00-00-067) ликвидации аварийной ситуации, требующей неотложных работ ",133.83,2021.0,"Текущий ремонт зданий, сооружений",437.0,73-04-01-00-00-067
42.кабельная линия электропередачи напряжением 10 кв» от тп 587 до тп расположенной на территории ркц по ул. советская №26 в г. советская гавань (73-04-01-00-00-068),0.0,2020.0,"Текущий ремонт зданий, сооружений",438.0,73-04-01-00-00-068
"46. ""склад, лит. в"" г. хабаровск, ул. воронежская, д. 154 (73-06-01-00-00-079)",18.0,2019.0,"Текущий ремонт зданий, сооружений",440.0,73-06-01-00-00-079
"47. ""ограждение территории здания банк г. хабаровск, ул. воронежская, 154-а  (73-07-01-00-00-081)",237.0,2019.0,"Текущий ремонт зданий, сооружений",442.0,73-07-01-00-00-081
"48. ""ограждение территории автостоянки"" : г. хабаровск, ул. воронежская, д. 154-а (73-07-01-00-00-082)",98.0,2019.0,"Текущий ремонт зданий, сооружений",443.0,73-07-01-00-00-082
"13.кабельная линия электропередачи напряжением 6 кв, по адресу: хабаровский край, г.хабаровск (реестровый №73-04-01-00-00-083)",0.0,2022.0,"Текущий ремонт зданий, сооружений",444.0,73-04-01-00-00-083
50. кабельная линия электропередачи напряжением 6 кв по ул. воронежская в г. хабаровске (73-04-01-00-00-083),0.0,2019.0,"Текущий ремонт зданий, сооружений",444.0,73-04-01-00-00-083
"выборочный капитальный ремонт аварийных участков объекта «кабельная линия электропередачи напряжением 6 кв» отделения по хабаровскому краю дальневосточного главного управления центрального банка российской федерации, расположенного по адресу: хабаровский край, г. хабаровск, участок находится примерно в 166 м по направлению на северо-запад от ориентира производственная база, расположенного за пределами участка, адрес ориентира: хабаровский край, г. хабаровск, ул. воронежская, дом 154-а (реестровый №73-04-01-00-00-083) ",175.56,2019.0,Капитальный ремонт,444.0,73-04-01-00-00-083
"кабельная линия электропередачи напряжением 0,4 кв для наружного освещения», по адресу: хабаровский край, г. хабаровск (73-04-01-00-00-086) ремонт повреждения кабеля",61.2,2021.0,"Текущий ремонт зданий, сооружений",447.0,73-04-01-00-00-086
"«сеть тепловая магистральная» хабаровский край, г. хабаровск, от ввода в здание по ул. воронежская, 154 до существующей тепловой сети с точкой подключения около адресного ориентира по ул. воронежская, 164  ремонт инженерных систем",224.91,2023.0,"Текущий ремонт зданий, сооружений",448.0,
"выборочный капитальный ремонт аварийных участков объекта ""кабельная линия электропередачи напряжением 6 кв, имущество центрального банка российской федерации"", расположенного по адресу: хабаровский край, г. хабаровск, 166 м северо-западнее ул. воронежской, д. 154-а",398.92,2017.0,Капитальный ремонт,461.0,
"1.здание ""центральный банк г. хабаровск, ул. муравьева-амурского, 42, лит. а-а6 (73-01-01-00-03-031 (комп.))",8376.0,2022.0,"Текущий ремонт зданий, сооружений",464.0,73-01-01-00-03-031
"35.здание ""центральный банк г. хабаровск, ул. муравьева-амурского, 42, лит. а-а6 (73-01-01-00-03-031 (комп.))",3775.0,2020.0,"Текущий ремонт зданий, сооружений",464.0,73-01-01-00-03-031
"здание ""центральный банк"" по ул. муравьёва-амурского, 42 в г. хабаровске  лит. а-а6 (73-01-01-00-03-031 (комп.)) (огнезащитная обработка крыши)",74.84,2021.0,"Текущий ремонт зданий, сооружений",464.0,73-01-01-00-03-031
"здание ""центральный банк"" по ул. муравьёва-амурского, 42 в г. хабаровске  лит. а-а6 (73-01-01-00-03-031 (комп.)) (прочистка  канализации)",196.03,2021.0,"Текущий ремонт зданий, сооружений",464.0,73-01-01-00-03-031
"здание ""центральный банк"" по ул. муравьёва-амурского, 42 в г. хабаровске  лит. а-а6 (73-01-01-00-03-031 (комп.)) восстановление работоспособности итсо",78.47,2021.0,"Текущий ремонт зданий, сооружений",464.0,73-01-01-00-03-031
"здание ""центральный банк"" по ул. муравьёва-амурского, 42 в г. хабаровске лит. а-а6 (73-01-01-00-03-031 (комп.)) (ремонт инженерных систем)",23.93,2021.0,"Текущий ремонт зданий, сооружений",464.0,73-01-01-00-03-031
"3.центральный банк (гараж),  по адресу: г. хабаровск, ул. муравьева-амурского, 42 (73-05-01-00-03-032(комп.))",61.0,2022.0,"Текущий ремонт зданий, сооружений",465.0,73-05-01-00-03-032
"центральный банк (гараж), по адресу: г. хабаровск, ул. муравьева-амурского, 42 (73-05-01-00-03-032(комп.)) ремонт инженерных систем",312.4,2021.0,"Текущий ремонт зданий, сооружений",465.0,73-05-01-00-03-032
"43. здание ""банк"", хабаровский край, нанайский район, с. троицкое, ул. калинина, 95 (73-01-02-00-06-014 (комп.))",447.0,2019.0,"Текущий ремонт зданий, сооружений",471.0,73-01-02-00-06-014
"10. «банк (убежище)» по адресу: хабаровский край, нанайский район, с. троицкое, ул. калинина, 95 (73-07-02-00-06-053(комп)) ",32.0,2022.0,"Текущий ремонт зданий, сооружений",472.0,73-07-02-00-06-053
"2.функциональное помещение (столовая)"" г. хабаровск, ул. муравьева-амурского, д 21 (73-01-01-00-07-054 (комп.))",0.0,2020.0,"Текущий ремонт зданий, сооружений",474.0,73-01-01-00-07-054
"36.здание  ""функциональное помещение""  г. хабаровск, ул.муравьева-амурского, 21 (73-01-01-00-07-054 (комп.))",157.0,2020.0,"Текущий ремонт зданий, сооружений",474.0,73-01-01-00-07-054
"42. здание  ""нежилое помещение""  г. хабаровск, ул.муравьева-амурского, 21 (73-01-01-00-07-054 (комп.))",155.0,2019.0,"Текущий ремонт зданий, сооружений",474.0,73-01-01-00-07-054
"5. ""функциональное помещение"", по адресу:  г. хабаровск, ул.муравьева-амурского, 21 (73-01-01-00-07-054 (комп.))",19.0,2022.0,"Текущий ремонт зданий, сооружений",474.0,73-01-01-00-07-054
"40. ркц советская гавань, хабаровский край, г. советская гавань, ул. советская, д. 26 лит. а (73-01-01-00-08-060 (комп.))",0.0,2020.0,"Текущий ремонт зданий, сооружений",476.0,73-01-01-00-08-060
"53. здание ркц советская гавань хабаровский край, г. советская гавань, ул. советская, д. 26 лит. а (73-01-01-00-08-060 (комп.))",181.0,2019.0,"Текущий ремонт зданий, сооружений",476.0,73-01-01-00-08-060
"здание ""банк"", по адресу: хабаровский край, г. советская гавань, ул. советская, 26 (73-01-01-00-08-060(комп.)) восстановление работоспособности итсо",18.1,2021.0,"Текущий ремонт зданий, сооружений",476.0,73-01-01-00-08-060
"здание ""банк"", по адресу: хабаровский край, г. советская гавань, ул. советская, 26 (73-01-01-00-08-060(комп.)) огнезащита деревянных конструкций крыши",130.5,2021.0,"Текущий ремонт зданий, сооружений",476.0,73-01-01-00-08-060
"37. здание ""банк"" г. хабаровск, ул. воронежская, д. 154 (73-01-01-00-10-074 (комп.))",3247.0,2020.0,"Текущий ремонт зданий, сооружений",481.0,73-01-01-00-10-074
"44. здание ""банк"" г. хабаровск, ул. воронежская, д. 154 (73-01-01-00-10-074 (комп.))",6424.0,2019.0,"Текущий ремонт зданий, сооружений",481.0,73-01-01-00-10-074
"7.  ""банк"", по адресу: г. хабаровск, ул. воронежская, д. 154 (73-01-01-00-10-074 (комп.))",2494.0,2022.0,"Текущий ремонт зданий, сооружений",481.0,73-01-01-00-10-074
"38. ""вспомогательное здание, лит. б"" г. хабаровск, ул. воронежская, д. 154 (73-07-01-00-11-076(комп))",434.0,2020.0,"Текущий ремонт зданий, сооружений",483.0,73-07-01-00-11-076
"45. ""вспомогательное здание, лит. б"" г. хабаровск, ул. воронежская, д. 154 (73-07-01-00-11-076(комп))",510.0,2019.0,"Текущий ремонт зданий, сооружений",483.0,73-07-01-00-11-076
"8.вспомогательное здание (кпп, убежище го), по адресу: г. хабаровск, ул. воронежская, д. 154 (73-07-01-00-11-076(комп))",19.0,2022.0,"Текущий ремонт зданий, сооружений",483.0,73-07-01-00-11-076
"56. здание главного управления в г. анадырь, ул. горького, 7, (79-01-01-00-00-001)",362.1,2019.0,"Текущий ремонт зданий, сооружений",489.0,79-01-01-00-00-001
"выборочный капитальный ремонт наружных сетей теплоснабжения гаражного помещения i, расположенного по адресу: с. тавайваам, ул. колхозная, 30 б",679.79,2017.0,Капитальный ремонт,493.0,
"2.гараж, по адресу: г. анадырь по ул. южная,  (79-05-01-00-00-008)",207.93,2022.0,"Текущий ремонт зданий, сооружений",494.0,79-05-01-00-00-008
"3.склад, по адресу: с. тавайваам по ул. колхозная, 32б (79-06-01-00-00-012)",318.76,2022.0,"Текущий ремонт зданий, сооружений",497.0,79-06-01-00-00-012
"44.склад по адресу: с. тавайваам по ул. колхозная, 32б (79-06-01-00-00-012)",600.27,2020.0,"Текущий ремонт зданий, сооружений",497.0,79-06-01-00-00-012
"выборочный капитальный ремонт наружных сетей теплоснабжения склада, расположенного по адресу: с тавайваам, ул. колхозная, 32 б",44.31,2017.0,Капитальный ремонт,497.0,
"1. здание  отделения анадырь, г. анадырь,  ул. дежнева, 7 (79-01-01-00-00-039)",1800.07,2022.0,"Текущий ремонт зданий, сооружений",507.0,79-01-01-00-00-039
"43. здание  отделения анадырь, г. анадырь,  ул. дежнева, 7 (79-01-01-00-00-039)",1840.5,2020.0,"Текущий ремонт зданий, сооружений",507.0,79-01-01-00-00-039
"здание отделения анадырь, по адресу: г. анадырь, ул. дежнева, 7 (79-01-01-00-00-039)",271.92,2021.0,"Текущий ремонт зданий, сооружений",507.0,79-01-01-00-00-039
"здание отделения анадырь, по адресу: г. анадырь, ул. дежнева, 7 (79-01-01-00-00-039) текущий ремонт помещений",1296.08,2021.0,"Текущий ремонт зданий, сооружений",507.0,79-01-01-00-00-039
"здание отделения анадырь, по адресу: г. анадырь, ул. дежнева, 7 (79-01-01-00-00-039) текущий ремонт помещений",6423.02,2023.0,"Текущий ремонт зданий, сооружений",507.0,79-01-01-00-00-039
"17.здание отделения петропавловск-камчатский, по адресу: г. петропавловск-камчатский, пр-т карла маркса, 29/2",2519.0,2020.0,"Текущий ремонт зданий, сооружений",526.0,
"20. здание отделения петропавловск-камчатский, по адресу: г. петропавловск-камчатский, пр-т карла маркса, 29/2",1329.54,2019.0,"Текущий ремонт зданий, сооружений",526.0,
"выборочный капитальный ремонт ""здания главного управления центрального банка российской федерации по камчатскому краю"" (помещения №6 на 1 этаже блока в), расположенного по адресу: камчатский край, г. петропавловск- камчатский, просп. карла маркса, 29/2",1484881.0,2020.0,Капитальный ремонт,526.0,
"выборочный капитальный ремонт здания в части участка наружных сетей холодного водоснабжения по адресу: камчатский край, г. петропавловск-камчатский, просп. карла маркса, 29/2",768.24,2019.0,Капитальный ремонт,526.0,
"выборочный капитальный ремонт здания отделения по камчатскому краю в части асфальтобетонного покрытия территории и участка наружных сетей  холодного водоснабжения по адресу: камчатский край, г.петропавловск-камчатский, просп. карла маркса, 29/2",4904210.0,2020.0,Капитальный ремонт,526.0,
"создание автоматической системы газового пожаротушения в помещениях №121, 122, 123, 124 (по плану техпаспорта бти) блока а в здании отделения по камчатскому краю дальневосточного главного управления центрального банка российской федерации, по адресу: российская федерация, камчатский край, петропавловск-камчатский городской округ, город петропавловск-камчатский, проспект карла маркса, дом № 29/2",9096516.0,2022.0,Капитальное строительство,526.0,
"создание автоматической системы газового пожаротушения в помещениях №121, 122, 123, 124 (по плану техпаспорта бти) блока а в здании отделения по камчатскому краю дальневосточного главного управления центрального банка российской федерации, по адресу: российская федерация, камчатский край, петропавловск-камчатский городской округ, город петропавловск-камчатский, проспект карла маркса, дом № 29/2",9096516.0,2023.0,Капитальное строительство,526.0,
"1.здание отделения г. петропавловск-камчатский, просп. к. маркса, 29/2 (24-01-02-00-01-001)",1661.36,2022.0,"Текущий ремонт зданий, сооружений",526.0,24-01-02-00-01-001
"здание отделения г. петропавловск-камчатский, просп. к. маркса, 29/2 (24-01-02-00-01-001) (ремонт помещений; замена баков запаса холодной воды; замена светильников; замена участка трубопроводов отопления блок б )",1924.18,2021.0,"Текущий ремонт зданий, сооружений",526.0,24-01-02-00-01-001
"здание отделения г. петропавловск-камчатский, просп. к. маркса, 29/2 (24-01-02-00-01-001) замена потолочной плитки ",215.0,2021.0,"Текущий ремонт зданий, сооружений",526.0,24-01-02-00-01-001
"здание отделения г. петропавловск-камчатский, просп. к. маркса, 29/2 (24-01-02-00-01-001) замена светильников",201.65,2021.0,"Текущий ремонт зданий, сооружений",526.0,24-01-02-00-01-001
"здание отделения г. петропавловск-камчатский, просп. к. маркса, 29/2 (24-01-02-00-01-001) ремонт ограждения (лит.1) (прокладка колючей проволоки типа ""егоза"" 50 м)",56.0,2021.0,"Текущий ремонт зданий, сооружений",526.0,24-01-02-00-01-001
"здание отделения г. петропавловск-камчатский, просп. к. маркса, 29/2 (24-01-02-00-01-001) ремонт участка системы холодного водоснабжения",124.7,2021.0,"Текущий ремонт зданий, сооружений",526.0,24-01-02-00-01-001
"здание отделения петропавловск-камчатский, российская федерация, камчатский край, петропавловск-камчатский городской округ, город петропавловск-камчатский, проспект карла маркса, дом № 29/2 (24-01-02-00-01-001)(ремонт помещений)  ",7394.71,2023.0,"Текущий ремонт зданий, сооружений",526.0,24-01-02-00-01-001
"35. административное здание литер б по адресу: ул. кирова, 17, г. якутск, республика саха (якутия) (58-01-01-00-02-007 (комп.)) ",0.0,2019.0,"Текущий ремонт зданий, сооружений",539.0,58-01-01-00-02-007
"9.административное здание литер б по адресу: ул. кирова, 17, г. якутск, республика саха (якутия)  реестровый номер: 58-01-01-00-02-007 (комп.)    ",0.0,2022.0,"Текущий ремонт зданий, сооружений",539.0,58-01-01-00-02-007
"административное здание литер б по адресу: ул. кирова, 17, г. якутск, республика саха (якутия) реестровый номер: 58-01-01-00-02-007 (комп.)",1509.06,2023.0,"Текущий ремонт зданий, сооружений",539.0,58-01-01-00-02-007
"здание усть-камчатск, усть-камчатский район, п. усть-камчатск, ул. ленина, 3 (24-01-02-00-00-066)",72.42,2021.0,"Текущий ремонт зданий, сооружений",558.0,24-01-02-00-00-066
"18.здание отделения петропавловск-камчатский, по адресу: г. петропавловск-камчатский, ул. ленинская, 22",291.0,2020.0,"Текущий ремонт зданий, сооружений",559.0,
"выборочный капитальный ремонт здания главного управления центрального банка российской федерации по камчатскому краю в части замены участка наружных тепловых сетей, по адресу: российская федерация, камчатский край, петропавловск-камчатский городской округ, город петропавловск-камчатский, улица ленинская, дом № 22",386279.0,2021.0,Капитальный ремонт,559.0,
"5.здание отделения г. петропавловск-камчатский, ул. ленинская, 22 (р. №24-01-02-00-03-004(комп.))",0.0,2022.0,"Текущий ремонт зданий, сооружений",559.0,24-01-02-00-03-004
"11.банк по адресу: г. хабаровск, ул. калинина,156 (реестровый №73-01-09-00-04-048(комп.)",0.0,2022.0,"Текущий ремонт зданий, сооружений",621.0,73-01-09-00-04-048
"выборочный капитальный ремонт сетей теплоснабжения, расположенных по адресу: г. магадан, ул. пролетарская, д. 8, строение 1, литера а, гараж-бокс 1 и гараж бокс № 2",97.37,2017.0,Капитальный ремонт,657.0,
"4. подземное сооружение (склад), приморский край, г.владивосток, светланская, 71 (51-06-01-00-00-007)",1573.6,2022.0,"Текущий ремонт зданий, сооружений",678.0,51-06-01-00-00-007
"5,жилое помещение, приморский край, г. владивосток, ул. верхнепортовая, 44, кв.11 (51-02-01-00-00-158)",346.39,2022.0,"Текущий ремонт зданий, сооружений",679.0,51-02-01-00-00-158
"6.жилое помещение, приморский край, г. владивосток, ул. верхнепортовая, 44, кв.12 (51-02-01-00-00-159)",348.7,2022.0,"Текущий ремонт зданий, сооружений",680.0,51-02-01-00-00-159
"7.жилое помещение, приморский край, г. владивосток, ул. верхнепортовая, 44, кв.13 (51-02-01-00-00-160)",343.08,2022.0,"Текущий ремонт зданий, сооружений",681.0,51-02-01-00-00-160
"жилое помещение, приморский край, г. владивосток, ул. верхнепортовая, 44, кв.13 (51-02-01-00-00-160) -  ремонт помещений",114.94,2021.0,"Текущий ремонт зданий, сооружений",681.0,51-02-01-00-00-160
"жилое помещение, приморский край, г. владивосток, ул. верхнепортовая, 44, кв.135 (51-02-01-00-00-161) -  ремонт помещений",333.13,2021.0,"Текущий ремонт зданий, сооружений",682.0,51-02-01-00-00-161
"расчетно-кассовый центр, по адресу: хабаровский край, р-н верхнебуреинский, рп. чегдомын, ул. театральная, 10 (73-01-09-00-00-012) огнезащитная обработка крыши",44.2,2021.0,"Текущий ремонт зданий, сооружений",688.0,73-01-09-00-00-012
"выборочный капитальный ремонт  здания центрального банка российской федерации,  расположенного по адресу:  г. владивосток, ул. океанский проспект, д.34",3942549.0,2020.0,Капитальный ремонт,702.0,
"выборочный капитальный ремонт  здания центрального банка российской федерации,  расположенного по адресу:  г. владивосток, ул. океанский проспект, д.34",3942549.0,2021.0,Капитальный ремонт,702.0,
"выборочный капитальный ремонт  здания центрального банка российской федерации,  расположенного по адресу:  г. владивосток, ул. океанский проспект, д.34",4415994.0,2022.0,Капитальный ремонт,702.0,
"выборочный капитальный ремонт  здания центрального банка российской федерации,  расположенного по адресу:  г. владивосток, ул. океанский проспект, д.34",4415994.0,2023.0,Капитальный ремонт,702.0,
"выборочный капитальный ремонт  здания центрального банка российской федерации,  расположенного по адресу:  приморский край, г. владивосток, океанский проспект, д.34 в части замены дверного блока в боксе инкассаторских машин",97782.0,2021.0,Капитальный ремонт,702.0,
"выборочный капитальный ремонт нежилого здания центральный банк российской федерации, расположенного по адресу: российская федерация, приморский край, г. о. владивостокский, г. владивосток, пр-кт океанский, д. 34 в части замены лифтового оборудования",4243675.0,2022.0,Капитальный ремонт,702.0,
"выборочный капитальный ремонт нежилого здания центральный банк российской федерации, расположенного по адресу: российская федерация, приморский край, г. о. владивостокский, г. владивосток, пр-кт океанский, д. 34 в части замены лифтового оборудования",4243675.0,2023.0,Капитальный ремонт,702.0,
"выборочный капитальный ремонт с созданием автоматической системы газового пожаротушения в помещении № 14 (по техническому паспорту) в здании центрального банка российской федерации, расположенном по адресу: российская федерация, приморский край, г.о. владивостокский, г. владивосток, пр-кт океанский, д. 34",57279.0,2022.0,Капитальный ремонт,702.0,
"выборочный капитальный ремонт с созданием автоматической системы газового пожаротушения в помещении № 14 (по техническому паспорту) в здании центрального банка российской федерации, расположенном по адресу: российская федерация, приморский край, г.о. владивостокский, г. владивосток, пр-кт океанский, д. 34",57279.0,2023.0,Капитальный ремонт,702.0,
"реконструкция отдельных помещений информатизации для размещения оборудования информационно-телекоммуникационных систем (итс) здания дальневосточного гу банка россии, расположенного по адресу: г. владивосток, океанский проспект, д. 34",38969029.0,2021.0,Капитальное строительство,702.0,
"реконструкция отдельных помещений информатизации для размещения оборудования информационно-телекоммуникационных систем (итс) здания дальневосточного гу банка россии, расположенного по адресу: г. владивосток, океанский проспект, д. 34",36911842.0,2022.0,Капитальное строительство,702.0,
"реконструкция отдельных помещений информатизации для размещения оборудования информационно-телекоммуникационных систем (итс) здания дальневосточного гу банка россии, расположенного по адресу: г. владивосток, океанский проспект, д. 34",36911842.0,2023.0,Капитальное строительство,702.0,
"создание ""автоматизированной системы технического учета электроэнергии"" в зданиях центрального банка российской федерации по адресу: г. владивосток, пр-кт океанский, 34, г. владивосток, ул. светланская, 71, г. владивосток, ул. калинина, 261, г. владивосток, ул. светланская, 73, с. вольно-надеждинское, ул. пушкина, 59",2515256.0,2020.0,Капитальное строительство,702.0,
"создание автоматической системы газового пожаротушения в  помещении № 14 (по техническому паспорту) в здании центрального банка российской федерации, расположенном по адресу: российская федерация, приморский край, г.о. владивостокский, г. владивосток, пр-кт океанский, д. 34",864090.0,2022.0,Капитальное строительство,702.0,
"создание автоматической системы газового пожаротушения в  помещении № 14 (по техническому паспорту) в здании центрального банка российской федерации, расположенном по адресу: российская федерация, приморский край, г.о. владивостокский, г. владивосток, пр-кт океанский, д. 34",864090.0,2023.0,Капитальное строительство,702.0,
"создание системы кондиционирования воздуха в помещениях центральнго банка российской федерации по адресу: г. владивосток, пр-кт океанский, 34",19545148.0,2020.0,Капитальное строительство,702.0,
"создание системы кондиционирования воздуха в помещениях центрального банка российской федерации по адресу: г. владивосток, пр-кт океанский, 34",22064173.0,2021.0,Капитальное строительство,702.0,
"создание системы кондиционирования воздуха в помещениях центрального банка российской федерации по адресу: г. владивосток, пр-кт океанский, 34",21740689.0,2022.0,Капитальное строительство,702.0,
"создание системы кондиционирования воздуха в помещениях центрального банка российской федерации по адресу: г. владивосток, пр-кт океанский, 34",21740689.0,2023.0,Капитальное строительство,702.0,
"административное здание, город тында, ул. красная пресня, здание 22 (04-01-02-00-13-013(комп)) (ремонт металлического ограждения и технического помещения)",679.0,2023.0,"Текущий ремонт зданий, сооружений",801.0,04-01-02-00-13-013
"3. нежилые помещения  г. владивосток, ул. светланская, 73а (51-01-01-00-00-166)",2946.58,2022.0,"Текущий ремонт зданий, сооружений",805.0,51-01-01-00-00-166
"4. нежилые помещения г. владивосток, ул. светланская, 73а (51-01-01-00-00-166)",271.53,2020.0,"Текущий ремонт зданий, сооружений",805.0,51-01-01-00-00-166
"нежилые помещения г. владивосток, ул. светланская, 73а (51-01-01-00-00-166) ",1359.4,2023.0,"Текущий ремонт зданий, сооружений",805.0,51-01-01-00-00-166
"нежилые помещения г. владивосток, ул. светланская, 73а (51-01-01-00-00-166) ремонт гидроизоляции кровли",259.99,2021.0,"Текущий ремонт зданий, сооружений",805.0,51-01-01-00-00-166
"нежилые помещения г. владивосток, ул. светланская, 73а (51-01-01-00-00-166) ремонт декоративных элементов кровли ",122.59,2021.0,"Текущий ремонт зданий, сооружений",805.0,51-01-01-00-00-166
"12.здание центрального банка российской федерации, приморский край, надеждинский р-н, с.вольно-надеждинское, пушкина, 59 (51-07-01-00-00-010)",0.0,2022.0,"Текущий ремонт зданий, сооружений",991.0,51-07-01-00-00-010
"здание центрального банка российской федерации, приморский край, надеждинский р-н, с.вольно-надеждинское, ул. пушкина, 59 (51-07-01-00-00-010) - ремонт фасада",122.09,2021.0,"Текущий ремонт зданий, сооружений",991.0,51-07-01-00-00-010
"10. гараж ркц на 2 автомобиля, приморский край; г. уссурийск, ул. некрасова, 102 (51-07-01-00-00-017)",0.0,2020.0,"Текущий ремонт зданий, сооружений",992.0,51-07-01-00-00-017
"10.нежилые помещения, расположенные по адресу: г. владивосток, ул. пушкинская, 8б (51-07-03-00-00-187, 51-07-03-00-00-188)",0.0,2022.0,"Текущий ремонт зданий, сооружений",993.0,51-07-03-00-00-187
"41.здание ""центральный банк г. хабаровск, ул. муравьева-амурского, 42, лит. а-а6 (73-01-02-00-03-031 (комп.))",2169.0,2019.0,"Текущий ремонт зданий, сооружений",1109.0,73-01-02-00-03-031
"2.центральный банк (столовая),  по адресу: г. хабаровск, ул. муравьева-амурского, 42 (73-03-01-00-03-059 (комп.))",2725.0,2022.0,"Текущий ремонт зданий, сооружений",1168.0,73-03-01-00-03-059
"6.функциональное помещение (столовая), по адресу: г. хабаровск, ул. муравьева-амурского, 21 (73-03-01-00-07-069 (комп.))",8.0,2022.0,"Текущий ремонт зданий, сооружений",1170.0,73-03-01-00-07-069
"3.здание гаража (лит. б) отделения г. петропавловск-камчатский, ул. ленинская, 22 (24-05-02-00-00-005)",293.94,2022.0,"Текущий ремонт зданий, сооружений",1173.0,24-05-02-00-00-005
"здание ркц тиличики (лит. а, а1), российская федерация, камчатский край, олюторский муниципальный район, сельское поселение «село тиличики», село тиличики, улица школьная, дом № 19 (24-01-09-00-00-049)",296.63,2023.0,"Текущий ремонт зданий, сооружений",1298.0,24-01-09-00-00-049
"выборочный капитальный ремонт здания гаража на 20 автомашин, в части ремонта кровли, расположенного по адресу: камчатский край, г. петропавловск-камчатский, ул. ломоносова, 2",4439.86,2017.0,Капитальный ремонт,1369.0,
"8. административное здание, приморский край, г.владивосток, светланская, 111 (51-01-01-00-00-191)",3856.97,2022.0,"Текущий ремонт зданий, сооружений",1385.0,51-01-01-00-00-191
"административное здание, г. владивосток, светланская, 111 (51-01-01-00-00-191) работы по оборудованию ограждения площадки для накопления тко",105.99,2021.0,"Текущий ремонт зданий, сооружений",1385.0,51-01-01-00-00-191
"административное здание, г. владивосток, светланская, 111 (51-01-01-00-00-191)- ремонт фасада",451.19,2021.0,"Текущий ремонт зданий, сооружений",1385.0,51-01-01-00-00-191
"административное здание, г.владивосток, светланская, 111 (51-01-01-00-00-191)",86.93,2023.0,"Текущий ремонт зданий, сооружений",1385.0,51-01-01-00-00-191
3.теплая стоянка с медсанчастью реестр. 59-05-01-00-03-048 (комп.),0.0,2022.0,"Текущий ремонт зданий, сооружений",1591.0,59-05-01-00-03-048
"«здание «банк» (ркц г. советская гавань), город советская гавань, улица советская, дом 26, текущий ремонт зданий",21.0,2023.0,"Текущий ремонт зданий, сооружений",1601.0,
"здание ""банк"", г. хабаровск, ул. воронежская, 154 восстановление работоспособности итсо",0.0,2023.0,"Текущий ремонт зданий, сооружений",1979.0,
"здание ""банк"", г. хабаровск, ул. воронежская, 154 ремонт инженерных систем",95.69,2023.0,"Текущий ремонт зданий, сооружений",1979.0,
"здание ""банк"", г. хабаровск, ул. воронежская, 154 текущий ремонт зданий",1727.31,2023.0,"Текущий ремонт зданий, сооружений",1979.0,
"здание ""вспомогательное здание"",  г. хабаровск, ул. воронежская, 154/3, ремонт инженерных систем",0.0,2023.0,"Текущий ремонт зданий, сооружений",1981.0,
"выборочный капитальный ремонт  помещения бокс-мастерской и здания дальневосточного гу банка россии по адресу: г. владивосток, ул. светланская, 71",12529120.0,2020.0,Капитальный ремонт,1984.0,
"выборочный капитальный ремонт  помещения бокс-мастерской и здания дальневосточного гу банка россии по адресу: г. владивосток, ул. светланская, 71",12784075.0,2021.0,Капитальный ремонт,1984.0,
"выборочный капитальный ремонт  помещения бокс-мастерской и здания дальневосточного гу банка россии по адресу: г. владивосток, ул. светланская, 71",12475698.0,2022.0,Капитальный ремонт,1984.0,
"выборочный капитальный ремонт  помещения бокс-мастерской и здания дальневосточного гу банка россии по адресу: г. владивосток, ул. светланская, 71",12475698.0,2023.0,Капитальный ремонт,1984.0,
"капитальный ремонт здания, расположенного по адресу: приморский край,  г. владивосток, ул. светланская, 71       ",83550896.0,2020.0,Капитальный ремонт,1984.0,
"капитальный ремонт помещений амбулатории и кровли в пятиэтажном здании, расположенном по адресу: приморский край, г. владивосток, ул. светланская, 71",10943.56,2018.0,Капитальный ремонт,1984.0,
"капитальный ремонт помещений и кровли в пятиэтажном здании центрального банка российской федерации, расположенном по адресу: приморский край, г. владивосток, ул. светланская, 71",9840.91,2019.0,Капитальный ремонт,1984.0,
"капитальный ремонт подземного сооружения (лит. б, склад), расположенного по адресу: приморский край, г. владивосток, ул. светланская, д. 71",4088.43,2017.0,Капитальный ремонт,1984.0,
г. южно-сахалинск, коммунистический проспект,,4549.0,2019.0,
г. магадан, ул. пушкина,,1122.2,2020.0,
" выборочный капитальный ремонт в части системы автоматического управления оборудованием приточно-вытяжной вентиляции, кондиционирования и теплоснабжения административного здания, расположенного по адресу: чукотский автономный округ г. анадырь, ул. дежнева, 7",2223558.0,2021.0,Капитальный ремонт,2052.0,
" выборочный капитальный ремонт кровли здания, расположенного по адресу: г.анадырь, ул.дежнева,7",2394.55,2019.0,Капитальный ремонт,2052.0,
"капитальный ремонт здания ркц находка, расположенного по адресу: приморский край, г. находка, проспект находкинский, 13 ",19001.91,2017.0,Капитальный ремонт,2060.0,
,,,,,
,,,,,
,,,,,
,,,,,
,,,,,
,,,,,
,,,,,
,,,,,
,,,,,
,,,,,
,,,,,
,,,,,
,,,,,
,,,,,
,,,,,
,,,,,
,,,,,
,,,,,
,,,,,
,,,,,
,,,,,
